{"cameraMode":{"drawMode":0,"name":"Shaded","section":"Shading Mode"},"sceneLighting":false,"audioPlay":false,"sceneViewState":{"showFog":true,"showMaterialUpdate":false,"showSkybox":true,"showFlares":true,"showImageEffects":true,"showParticleSystems":true},"in2DMode":false,"pivot":{"x":714.0795288085938,"y":366.5276184082031,"z":17.77569580078125},"rotation":{"x":0.015308769419789315,"y":0.0009033294045366347,"z":-0.000018661523426999338,"w":0.9998824596405029},"size":903.7268676757813,"orthographic":false}