{"cameraMode":{"drawMode":0,"name":"Shaded","section":"Shading Mode"},"sceneLighting":false,"audioPlay":false,"sceneViewState":{"showFog":true,"showMaterialUpdate":false,"showSkybox":false,"showFlares":true,"showImageEffects":true,"showParticleSystems":true},"in2DMode":false,"pivot":{"x":44.529998779296878,"y":7.989999771118164,"z":25.90999984741211},"rotation":{"x":-0.26612937450408938,"y":0.6796241402626038,"z":-0.29281094670295718,"w":-0.6176958084106445},"size":22.0,"orthographic":false}