{"cameraMode":{"drawMode":0,"name":"Shaded","section":"Shading Mode"},"sceneLighting":false,"audioPlay":false,"sceneViewState":{"showFog":true,"showMaterialUpdate":false,"showSkybox":true,"showFlares":true,"showImageEffects":true,"showParticleSystems":true},"in2DMode":false,"pivot":{"x":37.201534271240237,"y":-12.709054946899414,"z":6.515716552734375},"rotation":{"x":0.0019824241753667595,"y":0.9769747257232666,"z":-0.21315225958824159,"w":0.009087213315069676},"size":79.79342651367188,"orthographic":false}