{"cameraMode":{"drawMode":0,"name":"Shaded","section":"Shading Mode"},"sceneLighting":false,"audioPlay":false,"sceneViewState":{"showFog":true,"showMaterialUpdate":false,"showSkybox":false,"showFlares":true,"showImageEffects":true,"showParticleSystems":true},"in2DMode":false,"pivot":{"x":8.940696716308594e-7,"y":0.9817866086959839,"z":0.013541311025619507},"rotation":{"x":0.03777144476771355,"y":0.03927105292677879,"z":-0.0014802494551986456,"w":0.9985133409500122},"size":4.748229026794434,"orthographic":false}