{"cameraMode":{"drawMode":0,"name":"Shaded","section":"Shading Mode"},"sceneLighting":false,"audioPlay":false,"sceneViewState":{"showFog":true,"showMaterialUpdate":false,"showSkybox":true,"showFlares":true,"showImageEffects":true,"showParticleSystems":true},"in2DMode":false,"pivot":{"x":801.6574096679688,"y":433.18609619140627,"z":19.375732421875},"rotation":{"x":0.0000028262779778742699,"y":-0.9999444484710693,"z":0.010499488562345505,"w":-0.0009065628983080387},"size":1328.4488525390625,"orthographic":false}