{"cameraMode":{"drawMode":0,"name":"Shaded","section":"Shading Mode"},"sceneLighting":false,"audioPlay":false,"sceneViewState":{"showFog":true,"showMaterialUpdate":false,"showSkybox":false,"showFlares":true,"showImageEffects":true,"showParticleSystems":true},"in2DMode":false,"pivot":{"x":-0.00007712841033935547,"y":0.9650821685791016,"z":-0.005311012268066406},"rotation":{"x":-0.0006375934462994337,"y":0.9993408918380737,"z":-0.02848883904516697,"w":-0.022489676252007486},"size":2.0496315956115724,"orthographic":true}