{"cameraMode":{"drawMode":0,"name":"Shaded","section":"Shading Mode"},"sceneLighting":false,"audioPlay":false,"sceneViewState":{"showFog":true,"showMaterialUpdate":false,"showSkybox":true,"showFlares":true,"showImageEffects":true,"showParticleSystems":true},"in2DMode":false,"pivot":{"x":0.6135944128036499,"y":0.6391663551330566,"z":0.22205829620361329},"rotation":{"x":0.011255468241870404,"y":0.9500740766525269,"z":-0.3099064528942108,"w":0.03450438007712364},"size":2.8743977546691896,"orthographic":false}