{"cameraMode":{"drawMode":0,"name":"Shaded","section":"Shading Mode"},"sceneLighting":false,"audioPlay":false,"sceneViewState":{"showFog":true,"showMaterialUpdate":false,"showSkybox":false,"showFlares":true,"showImageEffects":true,"showParticleSystems":true},"in2DMode":false,"pivot":{"x":8.940696716308594e-7,"y":0.9817866086959839,"z":0.013541311025619507},"rotation":{"x":0.009345941245555878,"y":0.9705906510353088,"z":-0.0381719134747982,"w":0.237506702542305},"size":4.748229026794434,"orthographic":false}