{"cameraMode":{"drawMode":0,"name":"Shaded","section":"Shading Mode"},"sceneLighting":false,"audioPlay":false,"sceneViewState":{"showFog":true,"showMaterialUpdate":false,"showSkybox":true,"showFlares":true,"showImageEffects":true,"showParticleSystems":true},"in2DMode":false,"pivot":{"x":39.80018997192383,"y":17.01718521118164,"z":35.68696212768555},"rotation":{"x":0.23959065973758698,"y":0.5949491858482361,"z":-0.1918921172618866,"w":0.7428386807441711},"size":9.377397537231446,"orthographic":false}