{"cameraMode":{"drawMode":0,"name":"Shaded","section":"Shading Mode"},"sceneLighting":false,"audioPlay":false,"sceneViewState":{"showFog":true,"showMaterialUpdate":false,"showSkybox":true,"showFlares":true,"showImageEffects":true,"showParticleSystems":true},"in2DMode":false,"pivot":{"x":58.869998931884769,"y":0.3190000057220459,"z":15.729999542236329},"rotation":{"x":-0.03676789999008179,"y":-0.9432675242424011,"z":0.3104977607727051,"w":-0.11173959076404572},"size":41.388160705566409,"orthographic":false}